year_,company,profit
2016,"Pink Cab",1713511.2239999974
2016,"Yellow Cab",13926995.431599995
2017,"Pink Cab",2033654.908000005
2017,"Yellow Cab",16575977.967999924
2018,"Pink Cab",1560162.189000004
2018,"Yellow Cab",13517399.771199835
